검색어,영상ID,제목,게시글,조회수,좋아요수,게시일,댓글수,각댓글내용,구독자수
비비안웨스트우드 실버,9bEitnVYN4M&pp=ygUf67mE67mE7JWI7Juo7Iqk7Yq47Jqw65OcIOyLpOuyhA%3D%3D,언니 목걸이 정보좀요🤔 악세사리 27종 추천💍 (실버템/쿠팡템/천원짜리 다이소템/만원 이하 ~ 명품까지 모조리 추천👍🏻)ㅣMINCARONG,,0,0,,0,,0
비비안웨스트우드 실버,WYCw_8OKN5w&pp=ygUf67mE67mE7JWI7Juo7Iqk7Yq47Jqw65OcIOyLpOuyhA%3D%3D,비비안웨스트우드 악세사리 하울🖤자세한 비교! 구매 전 시청 필수!!💍진주 목걸이! 실버 악세사리 모아봤어요 🛸,,0,0,,0,,0
비비안웨스트우드 실버,Xd-8gj6E6_U&pp=ygUf67mE67mE7JWI7Juo7Iqk7Yq47Jqw65OcIOyLpOuyhA%3D%3D,"REVIEWㅣ✨비비안웨스트우드 복조리백 솔직 후기(수납력, 구매방법, 착용샷)ㅣ도쿄 쇼핑 TIPㅣ그래니 프레임 펄스ㅣ요즘 핫한 실버백 저는 요걸로 pick ✨",,0,0,,0,,0
비비안웨스트우드 실버,D-d7TULxM5c&pp=ygUf67mE67mE7JWI7Juo7Iqk7Yq47Jqw65OcIOyLpOuyhA%3D%3D,"내돈내산💸 추천&비추천 영롱한 실버백 & 가성비템 가방 리뷰👜(자라,비비안웨스트우드,스퀘어라인,일리고,이에이에)","












조회수 9.2천회 10개월 전



  조회수 9,244회 • 2023. 8. 31.














간략히

 …...더보기...더보기


스크립트


스크립트를 보면서 시청하세요.


스크립트 표시




민서니sunny

      구독자 1.13만명
    



동영상
정보








동영상정보












간략히


",9244,0,2023. 8. 31.,0,,0
비비안웨스트우드 실버,5CeSYFpwHZo&pp=ygUf67mE67mE7JWI7Juo7Iqk7Yq47Jqw65OcIOyLpOuyhA%3D%3D,매일 하는 실버템 악세사리 털어보기🍽  |  세이가세이지•비비안웨스트우드•스투시•펄리모어,,0,0,,0,,0
비비안웨스트우드 실버,h0l4dzJbYvE&pp=ygUf67mE67mE7JWI7Juo7Iqk7Yq47Jqw65OcIOyLpOuyhA%3D%3D,워니의 악세사리 모음.𝚣𝚒𝚙 비비안웨스트우드 목걸이•판도라 반지•팔찌+애플워치까지! 실버 덕후 필독˚❤︎₊⁎,"
♡ 


Contact: DM or mail

insta: @wonn1ehouse
  / wonn1ehouse  
mail: wonnie0713@naver.com
blog: https://m.blog.naver.com/PostList.nav...


안녕하세요! 정말 많은 요청이 있었던 악세사리 영상을 들고 왔어요! 목걸이는 영상에 나온 것 말고도 다른 목걸이도 있지만 최대한 자주 끼는 것들로만 들고와봤어요! 궁금하셨던게 해소가 됐길 바라면서... 구독자 1만명 너무 감사드립니다...♡ 


제가 직접 구매한 제품도 있고 협찬 받은 제품도 있습니다!

160/40

@bohemianseoul hook line cardigan in black

악세사리 보관함

https://www.brandi.co.kr/products/101...

목걸이

비비안웨스트우드
미니 바스 릴리프 목걸이 실버

비비안웨스트우드
미니 바스 릴리프 초커 실버

디올
빈티지

미애
陽春和氣 oriental necklace 003
https://sheismiae.kr/product/untitled...

미애
風流 풍종 necklace
https://sheismiae.kr/product/2475fe58...

세이지가세이지
3way leather necklace (white) (40cm)
https://www.sagegasage.kr/product/unt...

세이지가세이지
3way necklace (steel edition) (45cm)
https://www.sagegasage.kr/product/unt...

세이지가세이지
black asymmetry necklace (35cm)
https://www.sagegasage.kr/product/bla...

오퓨즈
star ball necklace (s) (제품 제공)
https://0fuse.co.kr/product/218308


반지

구찌 고스트 실버 반지 
https://www.gucci.com/kr/ko/pr/jewelr...

3verythingizblack 
B. (제품 제공)
https://www.3verythingizblack.co.kr/p...

세이지가세이지
shooting star ring
https://www.sagegasage.kr/product/rin...


판도라
마이 프린세스 링
인첸티드 크라운 링
원 러브 링
오픈워크 하트 실버 링
7월 신탄생석
러브락 링

팔찌
판도라 노티드 하트 팔찌 (16)


애플워치 실버 se 40mm

",63783,1200,2022. 7. 11.,0,,0
비비안웨스트우드 실버,ybi9Ss6QrMc&pp=ygUf67mE67mE7JWI7Juo7Iqk7Yq47Jqw65OcIOyLpOuyhA%3D%3D,내 비비안웨스트우드 초커가 짝퉁이라고? | 정품 vs 가품(의심) 세세비교,,0,0,,0,,0
비비안웨스트우드 실버,OgAKfC-90vw&pp=ygUf67mE67mE7JWI7Juo7Iqk7Yq47Jqw65OcIOyLpOuyhA%3D%3D,비비의 비비안웨스트우드 악세사리들ミ★,,0,0,,0,,0
비비안웨스트우드 실버,_fklK5Vi3Q4&pp=ygUf67mE67mE7JWI7Juo7Iqk7Yq47Jqw65OcIOyLpOuyhA%3D%3D,(SUB) 최애 액세서리 모음.zip l 3만원~600만원 가격대별 귀걸이/목걸이/반지💖 l 맨날 묻는 그 목걸이!!!! l 다이아 귀걸이 꿀팁💎 l 요즘st 볼드링 추천💍,,0,0,,0,,0
비비안웨스트우드 실버,P1w3NI2ZNrU&pp=ygUf67mE67mE7JWI7Juo7Iqk7Yq47Jqw65OcIOyLpOuyhA%3D%3D,🤍여자라면 무조건 있어야할 딱 하나의 주얼리 | 데일리한 진주목걸이맛집[빈티지헐리우드] 꿀팁‼️절대 줄 안꼬이는 레이어링법,,0,0,,0,,0
비비안웨스트우드 실버,8nLv9uKERTw&pp=ygUf67mE67mE7JWI7Juo7Iqk7Yq47Jqw65OcIOyLpOuyhA%3D%3D,"요청 쏟아지던 데일리 목걸이 대공개🚨 | 최애 레이어드 조합 | 샤넬, 디올, 비비안 웨스트우드, 로아주 | My daily ACC",,0,0,,0,,0
비비안웨스트우드 실버,2qdEEJA19ZU&pp=ygUf67mE67mE7JWI7Juo7Iqk7Yq47Jqw65OcIOyLpOuyhA%3D%3D,"매일 착용하는 내 최애 악세사리💍🤍 | 실버 악세사리, 저렴한 악세사리 추천, 비비안웨스트우드 목걸이 (my fav acc)",,0,0,,0,,0
비비안웨스트우드 실버,775Ey2U95X0&pp=ygUf67mE67mE7JWI7Juo7Iqk7Yq47Jqw65OcIOyLpOuyhA%3D%3D,Haul.16가지💍1-10만원대 실버 악세사리 추천•비비안웨스트우드•베흐트•바이위켄드•앵브록스•반지.귀걸이.목걸이 추천💎하울,,0,0,,0,,0
비비안웨스트우드 실버,ON6adG-KofA&pp=ygUf67mE67mE7JWI7Juo7Iqk7Yq47Jqw65OcIOyLpOuyhA%3D%3D,"남자 실버 악세사리 리뷰 / 반지, 팔찌, 목걸이까지",,0,0,,0,,0
비비안웨스트우드 실버,ebtWaqe5_fA&pp=ygUf67mE67mE7JWI7Juo7Iqk7Yq47Jqw65OcIOyLpOuyhA%3D%3D,일상브이로그 • 새 목걸이! 뒤늦은 비비안웨스트우드 🛸 • 오늘도 미니 겟레디 • 포토샵 배우기 • 얼마 안 남은 경주 장거리 ㅋㅋ • 이사준비(나말고) 옷정리,,0,0,,0,,0
비비안웨스트우드 실버,mOXOUEiZk-Q&pp=ygUf67mE67mE7JWI7Juo7Iqk7Yq47Jqw65OcIOyLpOuyhA%3D%3D,비비안웨스트우드 100만 원어치 주세요 : 생각보다...비싸잖아?😢,,0,0,,0,,0
비비안웨스트우드 실버,sY4X-JaEUn4&pp=ygUf67mE67mE7JWI7Juo7Iqk7Yq47Jqw65OcIOyLpOuyhA%3D%3D,문의 폭발💍내 최애 실버 악세사리 하울🥈명품부터 디자이너 주얼리 까지 20종 추천💎샤넬 실버템 더 만들어 주라ㅠ,,0,0,,0,,0
비비안웨스트우드 실버,cWIbcRr-1vQ&pp=ygUf67mE67mE7JWI7Juo7Iqk7Yq47Jqw65OcIOyLpOuyhA%3D%3D,비비안웨스트우드 악세사리 소개☆,,0,0,,0,,0
비비안웨스트우드 실버,/shorts/6A0bCNKkmgs,오늘 이거 샀어요! 비비안웨스트우드 목걸이 언박싱! #shorts #viviennewestwood,,0,0,,0,,0
비비안웨스트우드 실버,U7AJtvfsi7M&pp=ygUf67mE67mE7JWI7Juo7Iqk7Yq47Jqw65OcIOyLpOuyhA%3D%3D,나의 '요즘 스타일' 악세서리들 몽땅 소개💍 나 롤렉스가 너무 갖고 싶어서..💸 반지•시계•귀걸이•목걸이,,0,0,,0,,0
